model_display_name,cultural_group,independent,interdependent,composite_difference
Llama-3.1-8B,western,5.666666666666667,5.666666666666666,8.881784197001252e-16
Mistral-7B-v0.3,european,6.5,6.285714285714286,0.2142857142857144
Qwen2.5-7B,eastern,5.854166666666667,6.1190476190476195,-0.26488095238095255
Yi-1.5-9B,eastern,6.458333333333333,6.738095238095238,-0.2797619047619051
