model_display_name,cultural_group,boundary_assertion,deference,sycophancy,boundary_assertion_bv,deference_bv,sycophancy_bv
Mistral-7B-v0.3,european,5.027777777777778,3.5,3.472222222222222,6.166666666666667,2.8333333333333335,3.5
Qwen2.5-7B,eastern,5.638888888888889,3.3333333333333335,3.1944444444444446,5.666666666666667,2.3333333333333335,2.25
Yi-1.5-9B,eastern,5.935185185185186,4.8240740740740735,3.222222222222222,5.833333333333334,3.25,4.0
