model_display_name,cultural_group,boundary_assertion,deference,sycophancy
Mistral-7B-v0.3,european,5.027777777777778,3.5,3.472222222222222
Qwen2.5-7B,eastern,5.638888888888889,3.3333333333333335,3.1944444444444446
Yi-1.5-9B,eastern,5.944444444444444,4.888888888888888,3.1944444444444446
